{"Bash": {"deck_count": 1, "avg_play_pos": 1.3352140723531365, "card_play_count": 3013, "card_utilization": 0.4007714817770684}, "Shockwave": {"deck_count": 1, "avg_play_pos": 1.3134223471539002, "card_play_count": 1423, "card_utilization": 0.3169971040320784}, "Uppercut": {"deck_count": 1, "avg_play_pos": 1.4551875304432538, "card_play_count": 4106, "card_utilization": 0.6266788766788767}, "Sword Boomerang Plus": {"deck_count": 2, "avg_play_pos": 2.609907120743034, "card_play_count": 2261, "card_utilization": 0.14433450367060324}, "Cleave Plus": {"deck_count": 2, "avg_play_pos": 2.258114640883978, "card_play_count": 5792, "card_utilization": 0.41732113264644427}, "Iron Wave": {"deck_count": 2, "avg_play_pos": 2.181951793062904, "card_play_count": 3402, "card_utilization": 0.22640756022893652}, "Feed Plus": {"deck_count": 1, "avg_play_pos": 2.032325338894682, "card_play_count": 1918, "card_utilization": 0.7371252882398155}, "Clothesline Plus": {"deck_count": 1, "avg_play_pos": 1.638781163434903, "card_play_count": 1805, "card_utilization": 0.21386255924170616}, "Double Tap": {"deck_count": 1, "avg_play_pos": 1.4325795644891122, "card_play_count": 4776, "card_utilization": 0.7905975831815925}, "Heavy Blade Plus": {"deck_count": 2, "avg_play_pos": 1.6801705756929637, "card_play_count": 3283, "card_utilization": 0.2153210467632977}, "Flex Plus": {"deck_count": 1, "avg_play_pos": 1.5759926131117268, "card_play_count": 5415, "card_utilization": 0.9508340649692713}}