{"Bash": {"deck_count": 1, "avg_play_pos": 2.1844331641285955, "card_play_count": 591, "card_utilization": 0.14068079028802666}, "Shockwave": {"deck_count": 1, "avg_play_pos": 2.3359375, "card_play_count": 128, "card_utilization": 0.028835323271006984}, "Uppercut": {"deck_count": 1, "avg_play_pos": 1.5866245392311742, "card_play_count": 1899, "card_utilization": 0.6078745198463509}, "Sword Boomerang Plus": {"deck_count": 2, "avg_play_pos": 2.1153125, "card_play_count": 3200, "card_utilization": 0.5106111377054412}, "Cleave Plus": {"deck_count": 2, "avg_play_pos": 2.287454323995128, "card_play_count": 2463, "card_utilization": 0.38073890864121196}, "Iron Wave": {"deck_count": 2, "avg_play_pos": 2.0982430978845463, "card_play_count": 2789, "card_utilization": 0.44538486106675185}, "Feed Plus": {"deck_count": 1, "avg_play_pos": 2.208287895310796, "card_play_count": 917, "card_utilization": 0.5618872549019608}, "Clothesline Plus": {"deck_count": 1, "avg_play_pos": 1.8009383378016086, "card_play_count": 1492, "card_utilization": 0.43651258045640723}, "Double Tap": {"deck_count": 1, "avg_play_pos": 1.6914715719063544, "card_play_count": 2392, "card_utilization": 0.9074355083459787}, "Heavy Blade Plus": {"deck_count": 2, "avg_play_pos": 1.3541666666666667, "card_play_count": 816, "card_utilization": 0.11100530540062577}, "Flex Plus": {"deck_count": 1, "avg_play_pos": 1.3723363037582332, "card_play_count": 2581, "card_utilization": 0.9888888888888889}}