{"Bash": {"deck_count": 1, "avg_play_pos": 1.6571428571428573, "card_play_count": 105, "card_utilization": 0.019042437431991296}, "Shockwave": {"deck_count": 1, "avg_play_pos": 1.815217391304348, "card_play_count": 184, "card_utilization": 0.03649345497818326}, "Uppercut": {"deck_count": 1, "avg_play_pos": 1.4474929044465468, "card_play_count": 1057, "card_utilization": 0.22858996539792387}, "Sword Boomerang Plus": {"deck_count": 2, "avg_play_pos": 1.8848167539267016, "card_play_count": 3820, "card_utilization": 0.5210748874641932}, "Cleave Plus": {"deck_count": 2, "avg_play_pos": 1.567251461988304, "card_play_count": 5472, "card_utilization": 0.8720318725099602}, "Iron Wave": {"deck_count": 2, "avg_play_pos": 1.934743065029559, "card_play_count": 4398, "card_utilization": 0.6566139146013735}, "Feed Plus": {"deck_count": 1, "avg_play_pos": 2.50125313283208, "card_play_count": 798, "card_utilization": 0.30751445086705204}, "Clothesline Plus": {"deck_count": 1, "avg_play_pos": 1.3670284938941655, "card_play_count": 1474, "card_utilization": 0.33722260352322125}, "Double Tap": {"deck_count": 1, "avg_play_pos": 1.8376943496397422, "card_play_count": 2637, "card_utilization": 0.811884236453202}, "Heavy Blade Plus": {"deck_count": 2, "avg_play_pos": 1.2458587619877943, "card_play_count": 1147, "card_utilization": 0.1319300667126754}, "Impervious": {"deck_count": 1, "avg_play_pos": 2.0, "card_play_count": 1, "card_utilization": 0.000177430801987225}, "Disarm": {"deck_count": 1, "avg_play_pos": 2.6720214190093707, "card_play_count": 747, "card_utilization": 0.2843547773125238}}