{"avg_game_length": 30.698, "win_rate": 0.60075, "avg_player_hp": 3.32025, "avg_boss_hp": 14.10225}