{"Bash": {"deck_count": 1, "avg_play_pos": 1.4744318181818181, "card_play_count": 1056, "card_utilization": 0.2135490394337715}, "Shockwave": {"deck_count": 1, "avg_play_pos": 0, "card_play_count": 0, "card_utilization": 0.0}, "Uppercut": {"deck_count": 1, "avg_play_pos": 1.5099601593625498, "card_play_count": 1757, "card_utilization": 0.39563161450123846}, "Sword Boomerang Plus": {"deck_count": 2, "avg_play_pos": 2.401985111662531, "card_play_count": 2015, "card_utilization": 0.22856170598911071}, "Cleave Plus": {"deck_count": 2, "avg_play_pos": 1.5201057202189918, "card_play_count": 5297, "card_utilization": 0.755203877958369}, "Iron Wave": {"deck_count": 2, "avg_play_pos": 1.7382739212007505, "card_play_count": 4264, "card_utilization": 0.5690644601628186}, "Feed Plus": {"deck_count": 1, "avg_play_pos": 1.7597883597883597, "card_play_count": 945, "card_utilization": 0.5648535564853556}, "Clothesline Plus": {"deck_count": 1, "avg_play_pos": 1.3689167974882261, "card_play_count": 637, "card_utilization": 0.11621966794380588}, "Double Tap": {"deck_count": 1, "avg_play_pos": 1.8636588993554783, "card_play_count": 2017, "card_utilization": 0.4859070103589497}, "Heavy Blade Plus": {"deck_count": 2, "avg_play_pos": 1.391119691119691, "card_play_count": 2590, "card_utilization": 0.2983183598249251}, "Impervious": {"deck_count": 1, "avg_play_pos": 1.2, "card_play_count": 5, "card_utilization": 0.0008444519506840061}, "Disarm": {"deck_count": 1, "avg_play_pos": 1.8902007083825265, "card_play_count": 847, "card_utilization": 0.3471311475409836}}